<?xml version='1.0' encoding='UTF-8'?>
<?artifactRepository version='1.1.0'?>
<repository name='Bundle pool' type='org.eclipse.equinox.p2.artifact.repository.simpleRepository' version='1'>
  <properties size='2'>
    <property name='p2.system' value='true'/>
    <property name='p2.timestamp' value='1334851880445'/>
  </properties>
  <mappings size='3'>
    <rule filter='(&amp; (classifier=osgi.bundle))' output='${repoUrl}/plugins/${id}_${version}.jar'/>
    <rule filter='(&amp; (classifier=binary))' output='${repoUrl}/binary/${id}_${version}'/>
    <rule filter='(&amp; (classifier=org.eclipse.update.feature))' output='${repoUrl}/features/${id}_${version}.jar'/>
  </mappings>
  <artifacts size='76'>
    <artifact classifier='osgi.bundle' id='org.eclipse.core.commands' version='3.6.0.I20100512-1500'>
      <properties size='1'>
        <property name='download.size' value='107209'/>
      </properties>
    </artifact>
    <artifact classifier='osgi.bundle' id='org.eclipse.core.filebuffers' version='3.5.100.v20100520-0800'>
      <properties size='1'>
        <property name='download.size' value='113476'/>
      </properties>
    </artifact>
    <artifact classifier='osgi.bundle' id='org.eclipse.equinox.p2.repository' version='2.0.2.R36x_v20110111-1500'>
      <properties size='1'>
        <property name='download.size' value='150710'/>
      </properties>
    </artifact>
    <artifact classifier='osgi.bundle' id='org.eclipse.ui.ide' version='3.6.2.M20101201-0800'>
      <properties size='1'>
        <property name='download.size' value='2292530'/>
      </properties>
    </artifact>
    <artifact classifier='osgi.bundle' id='org.eclipse.core.net' version='1.2.100.I20100511-0800'>
      <properties size='1'>
        <property name='download.size' value='65576'/>
      </properties>
    </artifact>
    <artifact classifier='osgi.bundle' id='org.eclipse.debug.core' version='3.6.0.v20100519'>
      <properties size='1'>
        <property name='download.size' value='342641'/>
      </properties>
    </artifact>
    <artifact classifier='osgi.bundle' id='org.eclipse.jdt.core.manipulation' version='1.3.0.v20100520-0800'>
      <properties size='1'>
        <property name='download.size' value='85887'/>
      </properties>
    </artifact>
    <artifact classifier='osgi.bundle' id='org.eclipse.equinox.registry' version='3.5.0.v20100503'>
      <properties size='1'>
        <property name='download.size' value='182593'/>
      </properties>
    </artifact>
    <artifact classifier='osgi.bundle' id='org.eclipse.jdt.compiler.apt' version='1.0.300.v20100513-0845'>
      <properties size='1'>
        <property name='download.size' value='152159'/>
      </properties>
    </artifact>
    <artifact classifier='osgi.bundle' id='org.eclipse.core.runtime.compatibility.registry' version='3.3.0.v20100520'>
      <properties size='1'>
        <property name='download.size' value='16886'/>
      </properties>
      <repositoryProperties size='1'>
        <property name='artifact.folder' value='true'/>
      </repositoryProperties>
    </artifact>
    <artifact classifier='osgi.bundle' id='org.eclipse.core.jobs' version='3.5.1.R36x_v20100824'>
      <properties size='1'>
        <property name='download.size' value='90875'/>
      </properties>
    </artifact>
    <artifact classifier='osgi.bundle' id='org.apache.log4j' version='1.2.15.v201012070815'>
      <properties size='1'>
        <property name='download.size' value='414383'/>
      </properties>
    </artifact>
    <artifact classifier='osgi.bundle' id='org.eclipse.ui.editors' version='3.6.1.r361_v20100825-0800'>
      <properties size='1'>
        <property name='download.size' value='556337'/>
      </properties>
    </artifact>
    <artifact classifier='osgi.bundle' id='org.eclipse.jface.text' version='3.6.1.r361_v20100825-0800'>
      <properties size='1'>
        <property name='download.size' value='977596'/>
      </properties>
    </artifact>
    <artifact classifier='osgi.bundle' id='ca.mcgill.cs.swevo.ppa' version='1.2.1.201106050716'>
      <properties size='1'>
        <property name='download.size' value='283760'/>
      </properties>
    </artifact>
    <artifact classifier='osgi.bundle' id='org.eclipse.team.ui' version='3.5.102.R36x_v20110203-1036'>
      <properties size='1'>
        <property name='download.size' value='1427327'/>
      </properties>
    </artifact>
    <artifact classifier='osgi.bundle' id='org.eclipse.ecf.filetransfer' version='4.0.0.v20100906-1425'>
      <properties size='1'>
        <property name='download.size' value='51207'/>
      </properties>
    </artifact>
    <artifact classifier='osgi.bundle' id='org.eclipse.ecf.provider.filetransfer.ssl' version='1.0.0.v20100906-1425'>
      <properties size='1'>
        <property name='download.size' value='8467'/>
      </properties>
    </artifact>
    <artifact classifier='osgi.bundle' id='org.eclipse.ant.core' version='3.2.201.v20110203_r362'>
      <properties size='1'>
        <property name='download.size' value='97488'/>
      </properties>
    </artifact>
    <artifact classifier='osgi.bundle' id='org.eclipse.equinox.security' version='1.0.200.v20100503'>
      <properties size='1'>
        <property name='download.size' value='106100'/>
      </properties>
    </artifact>
    <artifact classifier='osgi.bundle' id='org.eclipse.core.variables' version='3.2.400.v20100505'>
      <properties size='1'>
        <property name='download.size' value='33006'/>
      </properties>
    </artifact>
    <artifact classifier='osgi.bundle' id='org.eclipse.text' version='3.5.0.v20100601-1300'>
      <properties size='1'>
        <property name='download.size' value='248068'/>
      </properties>
    </artifact>
    <artifact classifier='osgi.bundle' id='org.eclipse.equinox.preferences' version='3.3.0.v20100503'>
      <properties size='1'>
        <property name='download.size' value='111095'/>
      </properties>
    </artifact>
    <artifact classifier='osgi.bundle' id='org.eclipse.core.expressions' version='3.4.200.v20100505'>
      <properties size='1'>
        <property name='download.size' value='86984'/>
      </properties>
    </artifact>
    <artifact classifier='osgi.bundle' id='org.eclipse.jface.databinding' version='1.4.0.I20100601-0800'>
      <properties size='1'>
        <property name='download.size' value='268068'/>
      </properties>
    </artifact>
    <artifact classifier='osgi.bundle' id='org.eclipse.jdt.core' version='3.6.2.v_A76_R36x'>
      <properties size='1'>
        <property name='download.size' value='4513443'/>
      </properties>
    </artifact>
    <artifact classifier='osgi.bundle' id='javax.servlet' version='2.5.0.v200910301333'>
      <properties size='1'>
        <property name='download.size' value='118873'/>
      </properties>
    </artifact>
    <artifact classifier='osgi.bundle' id='org.eclipse.swt' version='3.6.2.v3659c'>
      <properties size='1'>
        <property name='download.size' value='17322'/>
      </properties>
    </artifact>
    <artifact classifier='osgi.bundle' id='org.eclipse.search' version='3.6.0.v20100520-0800'>
      <properties size='1'>
        <property name='download.size' value='465499'/>
      </properties>
    </artifact>
    <artifact classifier='osgi.bundle' id='de.unisaarland.cs.st.moskito.ppa.eclipse' version='1.0.0.201204191810'>
      <properties size='1'>
        <property name='download.size' value='43838141'/>
      </properties>
    </artifact>
    <artifact classifier='osgi.bundle' id='ca.mcgill.cs.swevo.ppa.ui' version='1.2.1.201106050716'>
      <properties size='1'>
        <property name='download.size' value='73799'/>
      </properties>
    </artifact>
    <artifact classifier='osgi.bundle' id='org.eclipse.ui.forms' version='3.5.2.r36_v20100702'>
      <properties size='1'>
        <property name='download.size' value='299001'/>
      </properties>
    </artifact>
    <artifact classifier='osgi.bundle' id='org.eclipse.equinox.app' version='1.3.1.R36x_v20100803'>
      <properties size='1'>
        <property name='download.size' value='83838'/>
      </properties>
    </artifact>
    <artifact classifier='osgi.bundle' id='org.eclipse.jface' version='3.6.2.M20110210-1200'>
      <properties size='1'>
        <property name='download.size' value='1069483'/>
      </properties>
    </artifact>
    <artifact classifier='osgi.bundle' id='org.eclipse.help' version='3.5.0.v20100524'>
      <properties size='1'>
        <property name='download.size' value='257399'/>
      </properties>
    </artifact>
    <artifact classifier='osgi.bundle' id='org.eclipse.ui.console' version='3.5.0.v20100526'>
      <properties size='1'>
        <property name='download.size' value='159947'/>
      </properties>
    </artifact>
    <artifact classifier='osgi.bundle' id='org.eclipse.equinox.launcher.gtk.linux.x86_64' version='1.1.2.R36x_v20101019_1345'>
      <properties size='1'>
        <property name='download.size' value='77601'/>
      </properties>
      <repositoryProperties size='1'>
        <property name='artifact.folder' value='true'/>
      </repositoryProperties>
    </artifact>
    <artifact classifier='osgi.bundle' id='org.eclipse.equinox.p2.engine' version='2.0.1.R36x_v20110201'>
      <properties size='1'>
        <property name='download.size' value='179131'/>
      </properties>
    </artifact>
    <artifact classifier='osgi.bundle' id='org.eclipse.ltk.ui.refactoring' version='3.5.0.v20100526-0800'>
      <properties size='1'>
        <property name='download.size' value='455294'/>
      </properties>
    </artifact>
    <artifact classifier='osgi.bundle' id='org.eclipse.core.resources' version='3.6.1.R36x_v20110131-1630'>
      <properties size='1'>
        <property name='download.size' value='774223'/>
      </properties>
    </artifact>
    <artifact classifier='osgi.bundle' id='org.eclipse.equinox.common' version='3.6.0.v20100503'>
      <properties size='1'>
        <property name='download.size' value='101958'/>
      </properties>
    </artifact>
    <artifact classifier='osgi.bundle' id='org.eclipse.jdt.debug' version='3.6.1.v20100715_r361'>
      <properties size='1'>
        <property name='download.size' value='815033'/>
      </properties>
      <repositoryProperties size='1'>
        <property name='artifact.folder' value='true'/>
      </repositoryProperties>
    </artifact>
    <artifact classifier='osgi.bundle' id='org.eclipse.jdt.launching' version='3.5.200.v20110105_r362'>
      <properties size='1'>
        <property name='download.size' value='293901'/>
      </properties>
    </artifact>
    <artifact classifier='osgi.bundle' id='org.eclipse.core.databinding' version='1.3.100.I20100601-0800'>
      <properties size='1'>
        <property name='download.size' value='199755'/>
      </properties>
    </artifact>
    <artifact classifier='osgi.bundle' id='org.eclipse.ui.navigator' version='3.5.0.I20100601-0800'>
      <properties size='1'>
        <property name='download.size' value='404868'/>
      </properties>
    </artifact>
    <artifact classifier='osgi.bundle' id='com.ibm.icu' version='4.2.1.v20100412'>
      <properties size='1'>
        <property name='download.size' value='6451214'/>
      </properties>
    </artifact>
    <artifact classifier='osgi.bundle' id='org.eclipse.debug.ui' version='3.6.3.v20101201_r362'>
      <properties size='1'>
        <property name='download.size' value='2559779'/>
      </properties>
    </artifact>
    <artifact classifier='osgi.bundle' id='org.eclipse.ui.navigator.resources' version='3.4.202.M20101124-0800'>
      <properties size='1'>
        <property name='download.size' value='118843'/>
      </properties>
    </artifact>
    <artifact classifier='osgi.bundle' id='org.eclipse.ui.views.properties.tabbed' version='3.5.100.I20100509-0800'>
      <properties size='1'>
        <property name='download.size' value='103957'/>
      </properties>
    </artifact>
    <artifact classifier='osgi.bundle' id='org.eclipse.jdt.compiler.tool' version='1.0.100.v_A76_R36x'>
      <properties size='1'>
        <property name='download.size' value='55102'/>
      </properties>
    </artifact>
    <artifact classifier='osgi.bundle' id='org.eclipse.ecf' version='3.1.0.v20100906-1425'>
      <properties size='1'>
        <property name='download.size' value='94416'/>
      </properties>
    </artifact>
    <artifact classifier='osgi.bundle' id='org.eclipse.equinox.p2.metadata' version='2.0.1.R36x_v20101202'>
      <properties size='1'>
        <property name='download.size' value='328299'/>
      </properties>
    </artifact>
    <artifact classifier='osgi.bundle' id='org.eclipse.equinox.p2.metadata.repository' version='1.1.0.v20100513'>
      <properties size='1'>
        <property name='download.size' value='108925'/>
      </properties>
    </artifact>
    <artifact classifier='osgi.bundle' id='org.eclipse.osgi' version='3.6.2.R36x_v20110210'>
      <properties size='1'>
        <property name='download.size' value='1148372'/>
      </properties>
    </artifact>
    <artifact classifier='osgi.bundle' id='org.eclipse.ecf.ssl' version='1.0.100.v20100906-1425'>
      <properties size='1'>
        <property name='download.size' value='11555'/>
      </properties>
    </artifact>
    <artifact classifier='osgi.bundle' id='org.eclipse.compare' version='3.5.101.R36x_v20100929-0800'>
      <properties size='1'>
        <property name='download.size' value='733221'/>
      </properties>
    </artifact>
    <artifact classifier='osgi.bundle' id='org.eclipse.equinox.launcher' version='1.1.1.R36x_v20101122_1400'>
      <properties size='1'>
        <property name='download.size' value='47201'/>
      </properties>
    </artifact>
    <artifact classifier='osgi.bundle' id='org.eclipse.equinox.concurrent' version='1.0.100.v20100503'>
      <properties size='1'>
        <property name='download.size' value='19900'/>
      </properties>
    </artifact>
    <artifact classifier='osgi.bundle' id='org.eclipse.osgi.services' version='3.2.100.v20100503'>
      <properties size='1'>
        <property name='download.size' value='67437'/>
      </properties>
    </artifact>
    <artifact classifier='osgi.bundle' id='org.eclipse.ecf.identity' version='3.1.0.v20100906-1425'>
      <properties size='1'>
        <property name='download.size' value='54618'/>
      </properties>
    </artifact>
    <artifact classifier='osgi.bundle' id='org.eclipse.ui.workbench.texteditor' version='3.6.1.r361_v20100714-0800'>
      <properties size='1'>
        <property name='download.size' value='578106'/>
      </properties>
    </artifact>
    <artifact classifier='osgi.bundle' id='org.eclipse.core.databinding.property' version='1.3.0.I20100601-0800'>
      <properties size='1'>
        <property name='download.size' value='167679'/>
      </properties>
    </artifact>
    <artifact classifier='osgi.bundle' id='org.eclipse.ecf.provider.filetransfer' version='3.1.0.v20100906-1425'>
      <properties size='1'>
        <property name='download.size' value='125181'/>
      </properties>
    </artifact>
    <artifact classifier='osgi.bundle' id='org.eclipse.core.databinding.observable' version='1.3.0.I20100601-0800'>
      <properties size='1'>
        <property name='download.size' value='270401'/>
      </properties>
    </artifact>
    <artifact classifier='osgi.bundle' id='org.eclipse.core.runtime.compatibility.auth' version='3.2.200.v20100517'>
      <properties size='1'>
        <property name='download.size' value='22809'/>
      </properties>
    </artifact>
    <artifact classifier='osgi.bundle' id='org.eclipse.ui' version='3.6.2.M20110203-1100'>
      <properties size='1'>
        <property name='download.size' value='152810'/>
      </properties>
    </artifact>
    <artifact classifier='osgi.bundle' id='org.eclipse.equinox.p2.core' version='2.0.3.R36x_v20110111'>
      <properties size='1'>
        <property name='download.size' value='67097'/>
      </properties>
    </artifact>
    <artifact classifier='osgi.bundle' id='org.eclipse.jdt.ui' version='3.6.2.r362_v20110203'>
      <properties size='1'>
        <property name='download.size' value='9992192'/>
      </properties>
    </artifact>
    <artifact classifier='osgi.bundle' id='org.eclipse.ltk.core.refactoring' version='3.5.101.r362_v20101117-0800'>
      <properties size='1'>
        <property name='download.size' value='322585'/>
      </properties>
    </artifact>
    <artifact classifier='osgi.bundle' id='org.eclipse.core.filesystem' version='1.3.1.R36x_v20100727-0745'>
      <properties size='1'>
        <property name='download.size' value='52709'/>
      </properties>
    </artifact>
    <artifact classifier='osgi.bundle' id='org.eclipse.core.runtime' version='3.6.0.v20100505'>
      <properties size='1'>
        <property name='download.size' value='70928'/>
      </properties>
    </artifact>
    <artifact classifier='osgi.bundle' id='org.eclipse.ui.views' version='3.5.1.M20110202-0800'>
      <properties size='1'>
        <property name='download.size' value='90107'/>
      </properties>
    </artifact>
    <artifact classifier='osgi.bundle' id='org.eclipse.team.core' version='3.5.101.R36x_v20110203-1036'>
      <properties size='1'>
        <property name='download.size' value='386295'/>
      </properties>
    </artifact>
    <artifact classifier='osgi.bundle' id='org.eclipse.core.contenttype' version='3.4.100.v20100505-1235'>
      <properties size='1'>
        <property name='download.size' value='91927'/>
      </properties>
    </artifact>
    <artifact classifier='osgi.bundle' id='org.eclipse.ui.workbench' version='3.6.2.M20110210-1200'>
      <properties size='1'>
        <property name='download.size' value='4133406'/>
      </properties>
    </artifact>
    <artifact classifier='osgi.bundle' id='org.eclipse.compare.core' version='3.5.101.R36x_v20100929-0800'>
      <properties size='1'>
        <property name='download.size' value='61788'/>
      </properties>
    </artifact>
  </artifacts>
</repository>
